<?xml version='1.0' encoding='UTF-8' ?>
<timeLogEntries>
  <time id="1" path="/Non Project/PSP Fundamentals &amp; Advanced/Program 1/Planning" start="@1486305867103" delta="26" />
  <time id="2" path="/Non Project/PSP Fundamentals &amp; Advanced/Program 1/Design" start="@1486307443900" delta="26" />
  <time id="3" path="/Non Project/PSP Fundamentals &amp; Advanced/Program 1/Code" start="@1486309028649" delta="87" />
  <time id="4" path="/Non Project/PSP Fundamentals &amp; Advanced/Program 1/Code" start="@1486386234173" delta="9" />
  <time id="5" path="/Non Project/PSP Fundamentals &amp; Advanced/Program 1/Compile" start="@1486386998115" delta="19" />
  <time id="6" path="/Non Project/PSP Fundamentals &amp; Advanced/Program 1/Test" start="@1486388159361" delta="7" />
  <time id="7" path="/Non Project/PSP Fundamentals &amp; Advanced/Program 1/Postmortem" start="@1486388608339" delta="6" />
  <time id="8" path="/Non Project/PSP Fundamentals &amp; Advanced/Program 2/Planning" start="@1487541349620" delta="14" />
  <time id="9" path="/Non Project/PSP Fundamentals &amp; Advanced/Program 2/Planning" start="@1487544114585" delta="2" />
  <time id="10" path="/Non Project/PSP Fundamentals &amp; Advanced/Program 2/Planning" start="@1487544599701" delta="11" />
  <time id="11" path="/Non Project/PSP Fundamentals &amp; Advanced/Program 2/Design" start="@1487545380420" delta="40" />
  <time id="12" path="/Non Project/PSP Fundamentals &amp; Advanced/Program 2/Code" start="@1487549967893" delta="34" />
  <time id="13" path="/Non Project/PSP Fundamentals &amp; Advanced/Program 2/Code" start="@1487553093943" delta="161" interrupt="14" />
  <time id="14" path="/Non Project/PSP Fundamentals &amp; Advanced/Program 2/Compile" start="@1487566107969" delta="12" />
  <time id="15" path="/Non Project/PSP Fundamentals &amp; Advanced/Program 2/Test" start="@1487638365713" delta="7" />
  <time id="16" path="/Non Project/PSP Fundamentals &amp; Advanced/Program 2/Postmortem" start="@1487638968716" delta="11" />
  <time id="17" path="/Non Project/PSP Fundamentals &amp; Advanced/Program 3/Planning" start="@1488854505649" delta="36" />
  <time id="18" path="/Non Project/PSP Fundamentals &amp; Advanced/Program 3/Design" start="@1488856641409" delta="19" />
  <time id="19" path="/Non Project/PSP Fundamentals &amp; Advanced/Program 3/Design Review" start="@1488857799245" delta="16" />
  <time id="20" path="/Non Project/PSP Fundamentals &amp; Advanced/Program 3/Code" start="@1488858757667" delta="96" interrupt="3" />
  <time id="21" path="/Non Project/PSP Fundamentals &amp; Advanced/Program 3/Code" start="@1488946314747" delta="24" />
  <time id="22" path="/Non Project/PSP Fundamentals &amp; Advanced/Program 3/Code Review" start="@1488947751861" delta="24" interrupt="17" />
  <time id="23" path="/Non Project/PSP Fundamentals &amp; Advanced/Program 3/Compile" start="@1488950272160" delta="17" />
  <time id="24" path="/Non Project/PSP Fundamentals &amp; Advanced/Program 3/Test" start="@1488951312345" delta="20" />
  <time id="25" path="/Non Project/PSP Fundamentals &amp; Advanced/Program 3/Postmortem" start="@1488952501768" delta="13" />
  <time id="26" path="/Non Project/PSP Fundamentals &amp; Advanced/Program 4/Planning" start="@1490047450063" delta="8" />
  <time id="27" path="/Non Project/PSP Fundamentals &amp; Advanced/Program 4/Planning" start="@1490050275979" delta="12" />
  <time id="28" path="/Non Project/PSP Fundamentals &amp; Advanced/Program 4/Design" start="@1490050985130" delta="13" />
  <time id="29" path="/Non Project/PSP Fundamentals &amp; Advanced/Program 4/Design" start="@1490052217254" delta="4" />
  <time id="30" path="/Non Project/PSP Fundamentals &amp; Advanced/Program 4/Design Review" start="@1490052449340" delta="7" />
  <time id="31" path="/Non Project/PSP Fundamentals &amp; Advanced/Program 4/Code" start="@1490052843861" delta="9" />
  <time id="32" path="/Non Project/PSP Fundamentals &amp; Advanced/Program 4/Code" start="@1490060133037" delta="57" />
  <time id="33" path="/Non Project/PSP Fundamentals &amp; Advanced/Program 4/Code" start="@1490064675576" delta="5" />
  <time id="34" path="/Non Project/PSP Fundamentals &amp; Advanced/Program 4/Code" start="@1490101644631" delta="52" interrupt="9" />
  <time id="35" path="/Non Project/PSP Fundamentals &amp; Advanced/Program 4/Code Review" start="@1490105348222" delta="23" interrupt="58" />
  <time id="36" path="/Non Project/PSP Fundamentals &amp; Advanced/Program 4/Code Review" start="@1490110433473" delta="2" />
  <time id="37" path="/Non Project/PSP Fundamentals &amp; Advanced/Program 4/Compile" start="@1490110563569" delta="9" />
  <time id="38" path="/Non Project/PSP Fundamentals &amp; Advanced/Program 4/Test" start="@1490111128828" delta="13" interrupt="65" />
  <time id="39" path="/Non Project/PSP Fundamentals &amp; Advanced/Program 4/Postmortem" start="@1490116229274" delta="13" />
  <time id="40" path="/Non Project/PSP Fundamentals &amp; Advanced/Program 5/Planning" start="@1491268355169" delta="36" />
  <time id="41" path="/Non Project/PSP Fundamentals &amp; Advanced/Program 5/Design" start="@1491270492153" delta="47" />
  <time id="42" path="/Non Project/PSP Fundamentals &amp; Advanced/Program 5/Design" start="@1491274960880" delta="2" />
  <time id="43" path="/Non Project/PSP Fundamentals &amp; Advanced/Program 5/Design" start="@1491364571925" delta="23" />
  <time id="44" path="/Non Project/PSP Fundamentals &amp; Advanced/Program 5/Design Review" start="@1491365955933" delta="29" />
  <time id="45" path="/Non Project/PSP Fundamentals &amp; Advanced/Program 5/Code" start="@1491367682875" delta="59" />
  <time id="46" path="/Non Project/PSP Fundamentals &amp; Advanced/Program 5/Code Review" start="@1491371194953" delta="3" />
</timeLogEntries>
